"row","column","well_index","Condition","N_cells","mean_dist","median_dist","close_alleles"
8,19,"H19","No sg, Light",5157,0.701669473726347,0.649149882038056,0.0954013139103113
8,20,"H20","sgIDR3, Light",4675,0.754192021037678,0.693885802524341,0.0836605584642234
8,5,"H5","No sg, Dark",5512,0.700630504621394,0.648700619571625,0.0974671082072854
8,6,"H6","sgIDR3, Dark",4808,0.743845483001649,0.689393766178361,0.0817389455782313
9,19,"I19","sgTCF3, Light",5464,0.701069751883249,0.644823620081572,0.108227448860052
9,20,"I20","sgIDR3+TCF3, Light",4324,0.576837009084807,0.475126454754714,0.200805060379528
9,5,"I5","sgTCF3, Dark",5551,0.697761557816614,0.641345427301385,0.105525006546216
9,6,"I6","sgIDR3+TCF3, Dark",5463,0.647542804696792,0.562929620209095,0.150713762811127
