"","diff","lwr","upr","p adj"
"Light-Dark",-0.0586773632857142,-0.128306274816166,0.0109515482447378,0.0950824952601289
