"","diff","lwr","upr","p adj"
"gRNA-Ctrl",-0.155852367717188,-0.237257324793518,-0.0744474106408591,0.000176663686473066
