"","diff","lwr","upr","p adj"
"Light-Dark",-0.02142675,-0.100900516220748,0.0580470162207477,0.572279457155089
