"row","column","well_index","Condition","N_cells","mean_dist","median_dist","close_alleles"
8,19,"H19","WT-Low-Light",1694,0.762523189778026,0.697416289645943,0.110676691729323
8,20,"H20","WT-High-Light",1875,0.749852098718486,0.680621376691664,0.101248642779587
8,5,"H5","WT-Low-Dark",1473,0.767708361287798,0.708632138171382,0.102139406487233
8,6,"H6","WT-High-Dark",2566,0.769138517382661,0.700193659710975,0.0966345207636292
9,19,"I19","Olig-Low-Light",2341,0.703294427445284,0.627354503413644,0.120574983909032
9,20,"I20","Olig-High-Light",2541,0.713441623494694,0.637100776506078,0.10333926101561
9,5,"I5","Olig-Low-Dark",1970,0.749406758927172,0.676625811623784,0.102319587628866
9,6,"I6","Olig-High-Dark",2195,0.754193908510808,0.683477249322235,0.103236098450319
