Condition,p,N
0h,0.09559327,15630
1.5h,0.1254996,13365
3h,0.13374683,13419
6h,0.13692596,12570
