"","diff","lwr","upr","p adj"
"gRNA-Ctrl",-0.261625,-0.483961476894178,-0.0392885231058223,0.0243218007549784
