condition,n_cells,total_spots,avg_spots,mean_int,avg_spots_norm,mean_int_norm
Ctrl,3018,2655,0.866565561,5428.650738,1,1
Ctrl_Light,3350.333333,2615,0.758669755,4118.767423,0.875490314,0.75870923
sgSubtel,3588,2911,0.803085554,4280.678186,0.926745292,0.788534462
sgSubtel+TERT,3679.666667,3384.333333,0.917021347,6045.77477,1.058225007,1.113679082
sgSubtel+TERT_Light,3476.333333,3293.333333,0.947691537,5225.409605,1.093617817,0.962561391
sgSubtel_Light,3104.666667,2147,0.697625037,4260.946721,0.805045883,0.784899771
sgTERT,3947.333333,2957.333333,0.748245491,4118.574283,0.863460913,0.758673652
sgTERT_Light,3444.333333,2354.333333,0.685386219,4368.108653,0.790922522,0.804639839
