"","diff","lwr","upr","p adj"
"No_sg-gRNA",-0.23657268575,-0.387814440665351,-0.0853309308346494,0.00868475947567848
