"","diff","lwr","upr","p adj"
"Light-Dark",0.0870296902500001,-0.179737483581613,0.353796864081613,0.455136325599941
