"","diff","lwr","upr","p adj"
"gRNA-Ctrl",-26.0434218925,-49.0856486254843,-3.00119515951577,0.0294726927873761
