"row","column","well_index","Condition","N_cells","mean_dist","median_dist","close_alleles"
8,19,"H19","No sg, Light",4443,0.690972081316257,0.633692776450054,0.0978248868278679
8,20,"H20","sgIDR3, Light",2443,0.754563305210406,0.700182044003174,0.0720436883007771
8,5,"H5","No sg, Dark",4110,0.694704525499624,0.640121502276021,0.104301850516703
8,6,"H6","sgIDR3, Dark",2675,0.745728784616598,0.694250631932219,0.0780861244019139
9,19,"I19","sgTCF3, Light",4022,0.694161207022961,0.637425257325921,0.105211526670754
9,20,"I20","sgIDR3+TCF3, Light",2541,0.564776342835274,0.467552402302029,0.210097396143908
9,5,"I5","sgTCF3, Dark",3582,0.699706185295669,0.646348595991426,0.0993797381116471
9,6,"I6","sgIDR3+TCF3, Dark",2599,0.641507556454695,0.550160876372417,0.147024504084014
